datum,pohlavi_kod,pohlavi,vekova_skupina_kod,vekova_skupina,pocet_ukoncenych_pripadu_dpn,pocet_prostonanych_dnu,prumerna_delka_trvani_jednoho_pripadu_dpn
2015-03-31,F,Žena,0-20,do 20 let,1960,36406,18.57
2015-03-31,F,Žena,20-29,20 - 29 let,49538,1515946,30.6
2015-03-31,F,Žena,30-39,30 - 39 let,59926,2234054,37.28
2015-03-31,F,Žena,40-49,40 - 49 let,70976,2627237,37.02
2015-03-31,F,Žena,50-59,50 - 59 let,67845,3128975,46.12
2015-03-31,F,Žena,60+,60 a více let,9441,364764,38.64
2015-03-31,M,Muž,0-20,do 20 let,2819,41668,14.78
2015-03-31,M,Muž,20-29,20 - 29 let,55359,1171270,21.16
2015-03-31,M,Muž,30-39,30 - 39 let,57997,1665300,28.71
2015-03-31,M,Muž,40-49,40 - 49 let,50295,1877234,37.32
2015-03-31,M,Muž,50-59,50 - 59 let,47812,2439124,51.01
2015-03-31,M,Muž,60+,60 a více let,18098,1166254,64.44
2015-03-31,T,Celkem,0-20,do 20 let,4779,78074,16.34
2015-03-31,T,Celkem,20-29,20 - 29 let,104897,2687216,25.62
2015-03-31,T,Celkem,30-39,30 - 39 let,117923,3899354,33.07
2015-03-31,T,Celkem,40-49,40 - 49 let,121271,4504471,37.14
2015-03-31,T,Celkem,50-59,50 - 59 let,115657,5568099,48.14
2015-03-31,T,Celkem,60+,60 a více let,27539,1531018,55.59
2015-06-30,F,Žena,0-20,do 20 let,3539,69529,19.65
2015-06-30,F,Žena,20-29,20 - 29 let,88735,2921739,32.93
2015-06-30,F,Žena,30-39,30 - 39 let,107113,4328727,40.41
2015-06-30,F,Žena,40-49,40 - 49 let,123493,5014775,40.61
2015-06-30,F,Žena,50-59,50 - 59 let,117751,6011667,51.05
2015-06-30,F,Žena,60+,60 a více let,16674,742659,44.54
2015-06-30,M,Muž,0-20,do 20 let,5123,76009,14.84
2015-06-30,M,Muž,20-29,20 - 29 let,100690,2173205,21.58
2015-06-30,M,Muž,30-39,30 - 39 let,100773,3028510,30.05
2015-06-30,M,Muž,40-49,40 - 49 let,87011,3500570,40.23
2015-06-30,M,Muž,50-59,50 - 59 let,82919,4620352,55.72
2015-06-30,M,Muž,60+,60 a více let,32331,2298748,71.1
2015-06-30,T,Celkem,0-20,do 20 let,8662,145538,16.8
2015-06-30,T,Celkem,20-29,20 - 29 let,189425,5094944,26.9
2015-06-30,T,Celkem,30-39,30 - 39 let,207886,7357237,35.39
2015-06-30,T,Celkem,40-49,40 - 49 let,210504,8515345,40.45
2015-06-30,T,Celkem,50-59,50 - 59 let,200670,10632019,52.98
2015-06-30,T,Celkem,60+,60 a více let,49005,3041407,62.06
2015-09-30,F,Žena,0-20,do 20 let,5090,100830,19.81
2015-09-30,F,Žena,20-29,20 - 29 let,121267,4149814,34.22
2015-09-30,F,Žena,30-39,30 - 39 let,140609,6035221,42.92
2015-09-30,F,Žena,40-49,40 - 49 let,158020,6885950,43.58
2015-09-30,F,Žena,50-59,50 - 59 let,149772,8294838,55.38
2015-09-30,F,Žena,60+,60 a více let,21213,1020440,48.1
2015-09-30,M,Muž,0-20,do 20 let,7514,111106,14.79
2015-09-30,M,Muž,20-29,20 - 29 let,141700,3060194,21.6
2015-09-30,M,Muž,30-39,30 - 39 let,135015,4139418,30.66
2015-09-30,M,Muž,40-49,40 - 49 let,114902,4807879,41.84
2015-09-30,M,Muž,50-59,50 - 59 let,108239,6334478,58.52
2015-09-30,M,Muž,60+,60 a více let,42816,3242180,75.72
2015-09-30,T,Celkem,0-20,do 20 let,12604,211936,16.82
2015-09-30,T,Celkem,20-29,20 - 29 let,262967,7210008,27.42
2015-09-30,T,Celkem,30-39,30 - 39 let,275624,10174639,36.92
2015-09-30,T,Celkem,40-49,40 - 49 let,272922,11693829,42.85
2015-09-30,T,Celkem,50-59,50 - 59 let,258011,14629316,56.7
2015-09-30,T,Celkem,60+,60 a více let,64029,4262620,66.57
2015-12-31,F,Žena,0-20,do 20 let,7481,143280,19.15
2015-12-31,F,Žena,20-29,20 - 29 let,166061,5553205,33.44
2015-12-31,F,Žena,30-39,30 - 39 let,187827,7908038,42.1
2015-12-31,F,Žena,40-49,40 - 49 let,209138,8989862,42.99
2015-12-31,F,Žena,50-59,50 - 59 let,195405,10795117,55.24
2015-12-31,F,Žena,60+,60 a více let,28292,1363837,48.21
2015-12-31,M,Muž,0-20,do 20 let,10786,155132,14.38
2015-12-31,M,Muž,20-29,20 - 29 let,193699,4078820,21.06
2015-12-31,M,Muž,30-39,30 - 39 let,180290,5414399,30.03
2015-12-31,M,Muž,40-49,40 - 49 let,151584,6259327,41.29
2015-12-31,M,Muž,50-59,50 - 59 let,140502,8254975,58.75
2015-12-31,M,Muž,60+,60 a více let,55733,4270253,76.62
2015-12-31,T,Celkem,0-20,do 20 let,18267,298412,16.34
2015-12-31,T,Celkem,20-29,20 - 29 let,359760,9632025,26.77
2015-12-31,T,Celkem,30-39,30 - 39 let,368117,13322437,36.19
2015-12-31,T,Celkem,40-49,40 - 49 let,360722,15249189,42.27
2015-12-31,T,Celkem,50-59,50 - 59 let,335907,19050092,56.71
2015-12-31,T,Celkem,60+,60 a více let,84025,5634090,67.05
2016-03-31,F,Žena,0-20,do 20 let,2393,46893,19.6
2016-03-31,F,Žena,20-29,20 - 29 let,48886,1517952,31.05
2016-03-31,F,Žena,30-39,30 - 39 let,53703,2105857,39.21
2016-03-31,F,Žena,40-49,40 - 49 let,63948,2615869,40.91
2016-03-31,F,Žena,50-59,50 - 59 let,58816,2985629,50.76
2016-03-31,F,Žena,60+,60 a více let,8582,347245,40.46
2016-03-31,M,Muž,0-20,do 20 let,3104,47629,15.34
2016-03-31,M,Muž,20-29,20 - 29 let,54428,1172314,21.54
2016-03-31,M,Muž,30-39,30 - 39 let,52380,1566291,29.9
2016-03-31,M,Muž,40-49,40 - 49 let,45952,1861308,40.51
2016-03-31,M,Muž,50-59,50 - 59 let,42127,2363906,56.11
2016-03-31,M,Muž,60+,60 a více let,16396,1199523,73.16
2016-03-31,T,Celkem,0-20,do 20 let,5497,94522,17.2
2016-03-31,T,Celkem,20-29,20 - 29 let,103314,2690266,26.04
2016-03-31,T,Celkem,30-39,30 - 39 let,106083,3672148,34.62
2016-03-31,T,Celkem,40-49,40 - 49 let,109900,4477177,40.74
2016-03-31,T,Celkem,50-59,50 - 59 let,100943,5349535,53.0
2016-03-31,T,Celkem,60+,60 a více let,24978,1546768,61.93
2016-06-30,F,Žena,0-20,do 20 let,4483,90960,20.29
2016-06-30,F,Žena,20-29,20 - 29 let,93292,3069754,32.9
2016-06-30,F,Žena,30-39,30 - 39 let,102843,4210719,40.94
2016-06-30,F,Žena,40-49,40 - 49 let,120758,5223670,43.26
2016-06-30,F,Žena,50-59,50 - 59 let,110445,5973091,54.08
2016-06-30,F,Žena,60+,60 a více let,16737,762344,45.55
2016-06-30,M,Muž,0-20,do 20 let,6072,92584,15.25
2016-06-30,M,Muž,20-29,20 - 29 let,105233,2265051,21.52
2016-06-30,M,Muž,30-39,30 - 39 let,97728,2995415,30.65
2016-06-30,M,Muž,40-49,40 - 49 let,85541,3646298,42.63
2016-06-30,M,Muž,50-59,50 - 59 let,77811,4667884,59.99
2016-06-30,M,Muž,60+,60 a více let,31495,2454282,77.93
2016-06-30,T,Celkem,0-20,do 20 let,10555,183544,17.39
2016-06-30,T,Celkem,20-29,20 - 29 let,198525,5334805,26.87
2016-06-30,T,Celkem,30-39,30 - 39 let,200571,7206134,35.93
2016-06-30,T,Celkem,40-49,40 - 49 let,206299,8869968,43.0
2016-06-30,T,Celkem,50-59,50 - 59 let,188256,10640975,56.52
2016-06-30,T,Celkem,60+,60 a více let,48232,3216626,66.69
2016-09-30,F,Žena,0-20,do 20 let,6461,131390,20.34
2016-09-30,F,Žena,20-29,20 - 29 let,128775,4422096,34.34
2016-09-30,F,Žena,30-39,30 - 39 let,137660,6022710,43.75
2016-09-30,F,Žena,40-49,40 - 49 let,160157,7393410,46.16
2016-09-30,F,Žena,50-59,50 - 59 let,145658,8490786,58.29
2016-09-30,F,Žena,60+,60 a více let,22559,1156919,51.28
2016-09-30,M,Muž,0-20,do 20 let,8719,131929,15.13
2016-09-30,M,Muž,20-29,20 - 29 let,148819,3229191,21.7
2016-09-30,M,Muž,30-39,30 - 39 let,134330,4221514,31.43
2016-09-30,M,Muž,40-49,40 - 49 let,116472,5123931,43.99
2016-09-30,M,Muž,50-59,50 - 59 let,105159,6531157,62.11
2016-09-30,M,Muž,60+,60 a více let,43137,3518429,81.56
2016-09-30,T,Celkem,0-20,do 20 let,15180,263319,17.35
2016-09-30,T,Celkem,20-29,20 - 29 let,277594,7651287,27.56
2016-09-30,T,Celkem,30-39,30 - 39 let,271990,10244224,37.66
2016-09-30,T,Celkem,40-49,40 - 49 let,276629,12517341,45.25
2016-09-30,T,Celkem,50-59,50 - 59 let,250817,15021943,59.89
2016-09-30,T,Celkem,60+,60 a více let,65696,4675348,71.17
2016-12-31,F,Žena,0-20,do 20 let,9475,182701,19.28
2016-12-31,F,Žena,20-29,20 - 29 let,178417,5892361,33.03
2016-12-31,F,Žena,30-39,30 - 39 let,189058,7975455,42.19
2016-12-31,F,Žena,40-49,40 - 49 let,218667,9802432,44.83
2016-12-31,F,Žena,50-59,50 - 59 let,197640,11238035,56.86
2016-12-31,F,Žena,60+,60 a více let,31534,1605428,50.91
2016-12-31,M,Muž,0-20,do 20 let,12549,185194,14.76
2016-12-31,M,Muž,20-29,20 - 29 let,206061,4342226,21.07
2016-12-31,M,Muž,30-39,30 - 39 let,184205,5587186,30.33
2016-12-31,M,Muž,40-49,40 - 49 let,158431,6767375,42.71
2016-12-31,M,Muž,50-59,50 - 59 let,140652,8562806,60.88
2016-12-31,M,Muž,60+,60 a více let,58190,4699375,80.76
2016-12-31,T,Celkem,0-20,do 20 let,22024,367895,16.7
2016-12-31,T,Celkem,20-29,20 - 29 let,384478,10234587,26.62
2016-12-31,T,Celkem,30-39,30 - 39 let,373263,13562641,36.34
2016-12-31,T,Celkem,40-49,40 - 49 let,377098,16569807,43.94
2016-12-31,T,Celkem,50-59,50 - 59 let,338292,19800841,58.53
2016-12-31,T,Celkem,60+,60 a více let,89724,6304803,70.27
2017-03-31,F,Žena,0-20,do 20 let,3229,60108,18.62
2017-03-31,F,Žena,20-29,20 - 29 let,58088,1704447,29.34
2017-03-31,F,Žena,30-39,30 - 39 let,61624,2240129,36.35
2017-03-31,F,Žena,40-49,40 - 49 let,83479,3084958,36.95
2017-03-31,F,Žena,50-59,50 - 59 let,79920,3532119,44.2
2017-03-31,F,Žena,60+,60 a více let,13926,567207,40.73
2017-03-31,M,Muž,0-20,do 20 let,4139,60026,14.5
2017-03-31,M,Muž,20-29,20 - 29 let,64614,1295884,20.06
2017-03-31,M,Muž,30-39,30 - 39 let,61546,1731959,28.14
2017-03-31,M,Muž,40-49,40 - 49 let,58867,2252745,38.27
2017-03-31,M,Muž,50-59,50 - 59 let,55064,2740315,49.77
2017-03-31,M,Muž,60+,60 a více let,22541,1406336,62.39
2017-03-31,T,Celkem,0-20,do 20 let,7368,120134,16.3
2017-03-31,T,Celkem,20-29,20 - 29 let,122702,3000331,24.45
2017-03-31,T,Celkem,30-39,30 - 39 let,123170,3972088,32.25
2017-03-31,T,Celkem,40-49,40 - 49 let,142346,5337703,37.5
2017-03-31,T,Celkem,50-59,50 - 59 let,134984,6272434,46.47
2017-03-31,T,Celkem,60+,60 a více let,36467,1973543,54.12
2017-06-30,F,Žena,0-20,do 20 let,5388,108562,20.15
2017-06-30,F,Žena,20-29,20 - 29 let,98524,3154948,32.02
2017-06-30,F,Žena,30-39,30 - 39 let,105254,4185001,39.76
2017-06-30,F,Žena,40-49,40 - 49 let,137805,5678817,41.21
2017-06-30,F,Žena,50-59,50 - 59 let,129615,6537104,50.43
2017-06-30,F,Žena,60+,60 a více let,22506,1044605,46.41
2017-06-30,M,Muž,0-20,do 20 let,7146,103945,14.55
2017-06-30,M,Muž,20-29,20 - 29 let,110110,2278046,20.69
2017-06-30,M,Muž,30-39,30 - 39 let,102533,3046769,29.72
2017-06-30,M,Muž,40-49,40 - 49 let,96579,4016136,41.58
2017-06-30,M,Muž,50-59,50 - 59 let,88878,4963112,55.84
2017-06-30,M,Muž,60+,60 a více let,37763,2719762,72.02
2017-06-30,T,Celkem,0-20,do 20 let,12534,212507,16.95
2017-06-30,T,Celkem,20-29,20 - 29 let,208634,5432994,26.04
2017-06-30,T,Celkem,30-39,30 - 39 let,207787,7231770,34.8
2017-06-30,T,Celkem,40-49,40 - 49 let,234384,9694953,41.36
2017-06-30,T,Celkem,50-59,50 - 59 let,218493,11500216,52.63
2017-06-30,T,Celkem,60+,60 a více let,60269,3764367,62.46
2017-09-30,F,Žena,0-20,do 20 let,7627,155619,20.4
2017-09-30,F,Žena,20-29,20 - 29 let,135569,4525315,33.38
2017-09-30,F,Žena,30-39,30 - 39 let,140892,5946858,42.21
2017-09-30,F,Žena,40-49,40 - 49 let,179926,7976485,44.33
2017-09-30,F,Žena,50-59,50 - 59 let,167270,9187593,54.93
2017-09-30,F,Žena,60+,60 a více let,29490,1511150,51.24
2017-09-30,M,Muž,0-20,do 20 let,10086,146986,14.57
2017-09-30,M,Muž,20-29,20 - 29 let,154668,3256945,21.06
2017-09-30,M,Muž,30-39,30 - 39 let,140674,4264176,30.31
2017-09-30,M,Muž,40-49,40 - 49 let,129780,5574486,42.95
2017-09-30,M,Muž,50-59,50 - 59 let,117428,6915956,58.9
2017-09-30,M,Muž,60+,60 a více let,50569,3904739,77.22
2017-09-30,T,Celkem,0-20,do 20 let,17713,302605,17.08
2017-09-30,T,Celkem,20-29,20 - 29 let,290237,7782260,26.81
2017-09-30,T,Celkem,30-39,30 - 39 let,281566,10211034,36.27
2017-09-30,T,Celkem,40-49,40 - 49 let,309706,13550971,43.75
2017-09-30,T,Celkem,50-59,50 - 59 let,284698,16103549,56.56
2017-09-30,T,Celkem,60+,60 a více let,80059,5415889,67.65
2017-12-31,F,Žena,0-20,do 20 let,11057,216412,19.57
2017-12-31,F,Žena,20-29,20 - 29 let,184513,5985541,32.44
2017-12-31,F,Žena,30-39,30 - 39 let,190725,7796846,40.88
2017-12-31,F,Žena,40-49,40 - 49 let,241414,10441692,43.25
2017-12-31,F,Žena,50-59,50 - 59 let,220431,11959242,54.25
2017-12-31,F,Žena,60+,60 a více let,39839,2034566,51.07
2017-12-31,M,Muž,0-20,do 20 let,13939,200172,14.36
2017-12-31,M,Muž,20-29,20 - 29 let,209918,4331002,20.63
2017-12-31,M,Muž,30-39,30 - 39 let,190135,5604453,29.48
2017-12-31,M,Muž,40-49,40 - 49 let,172868,7257980,41.99
2017-12-31,M,Muž,50-59,50 - 59 let,153205,8949101,58.41
2017-12-31,M,Muž,60+,60 a více let,66707,5161521,77.38
2017-12-31,T,Celkem,0-20,do 20 let,24996,416584,16.67
2017-12-31,T,Celkem,20-29,20 - 29 let,394431,10316543,26.16
2017-12-31,T,Celkem,30-39,30 - 39 let,380860,13401299,35.19
2017-12-31,T,Celkem,40-49,40 - 49 let,414282,17699672,42.72
2017-12-31,T,Celkem,50-59,50 - 59 let,373636,20908343,55.96
2017-12-31,T,Celkem,60+,60 a více let,106546,7196087,67.54
2018-03-31,F,Žena,0-20,do 20 let,3598,68836,19.13
2018-03-31,F,Žena,20-29,20 - 29 let,56570,1555241,27.49
2018-03-31,F,Žena,30-39,30 - 39 let,63353,2100410,33.15
2018-03-31,F,Žena,40-49,40 - 49 let,93699,3094564,33.03
2018-03-31,F,Žena,50-59,50 - 59 let,85427,3379839,39.56
2018-03-31,F,Žena,60+,60 a více let,16664,637281,38.24
2018-03-31,M,Muž,0-20,do 20 let,4332,63264,14.6
2018-03-31,M,Muž,20-29,20 - 29 let,62040,1220006,19.66
2018-03-31,M,Muž,30-39,30 - 39 let,63377,1609284,25.39
2018-03-31,M,Muž,40-49,40 - 49 let,65126,2170495,33.33
2018-03-31,M,Muž,50-59,50 - 59 let,57267,2508186,43.8
2018-03-31,M,Muž,60+,60 a více let,24428,1378266,56.42
2018-03-31,T,Celkem,0-20,do 20 let,7930,132100,16.66
2018-03-31,T,Celkem,20-29,20 - 29 let,118610,2775247,23.4
2018-03-31,T,Celkem,30-39,30 - 39 let,126730,3709694,29.27
2018-03-31,T,Celkem,40-49,40 - 49 let,158825,5265059,33.15
2018-03-31,T,Celkem,50-59,50 - 59 let,142694,5888025,41.26
2018-03-31,T,Celkem,60+,60 a více let,41092,2015547,49.05
2018-06-30,F,Žena,0-20,do 20 let,6254,121875,19.49
2018-06-30,F,Žena,20-29,20 - 29 let,99045,3052627,30.82
2018-06-30,F,Žena,30-39,30 - 39 let,109638,4083195,37.24
2018-06-30,F,Žena,40-49,40 - 49 let,156272,5953075,38.09
2018-06-30,F,Žena,50-59,50 - 59 let,142331,6588785,46.29
2018-06-30,F,Žena,60+,60 a více let,28605,1312157,45.87
2018-06-30,M,Muž,0-20,do 20 let,7666,116304,15.17
2018-06-30,M,Muž,20-29,20 - 29 let,109478,2248714,20.54
2018-06-30,M,Muž,30-39,30 - 39 let,107974,3001481,27.8
2018-06-30,M,Muž,40-49,40 - 49 let,108418,4126899,38.06
2018-06-30,M,Muž,50-59,50 - 59 let,95456,4874494,51.07
2018-06-30,M,Muž,60+,60 a více let,42654,2806906,65.81
2018-06-30,T,Celkem,0-20,do 20 let,13920,238179,17.11
2018-06-30,T,Celkem,20-29,20 - 29 let,208523,5301341,25.42
2018-06-30,T,Celkem,30-39,30 - 39 let,217612,7084676,32.56
2018-06-30,T,Celkem,40-49,40 - 49 let,264690,10079974,38.08
2018-06-30,T,Celkem,50-59,50 - 59 let,237787,11463279,48.21
2018-06-30,T,Celkem,60+,60 a více let,71259,4119063,57.8
2018-09-30,F,Žena,0-20,do 20 let,8681,172423,19.86
2018-09-30,F,Žena,20-29,20 - 29 let,134932,4390567,32.54
2018-09-30,F,Žena,30-39,30 - 39 let,145017,5780397,39.86
2018-09-30,F,Žena,40-49,40 - 49 let,200978,8286905,41.23
2018-09-30,F,Žena,50-59,50 - 59 let,181498,9234563,50.88
2018-09-30,F,Žena,60+,60 a více let,36558,1847459,50.54
2018-09-30,M,Muž,0-20,do 20 let,10616,161709,15.23
2018-09-30,M,Muž,20-29,20 - 29 let,152464,3197837,20.97
2018-09-30,M,Muž,30-39,30 - 39 let,146035,4225198,28.93
2018-09-30,M,Muž,40-49,40 - 49 let,143656,5788275,40.29
2018-09-30,M,Muž,50-59,50 - 59 let,125503,6849028,54.57
2018-09-30,M,Muž,60+,60 a více let,56604,4011769,70.87
2018-09-30,T,Celkem,0-20,do 20 let,19297,334132,17.32
2018-09-30,T,Celkem,20-29,20 - 29 let,287396,7588404,26.4
2018-09-30,T,Celkem,30-39,30 - 39 let,291052,10005595,34.38
2018-09-30,T,Celkem,40-49,40 - 49 let,344634,14075180,40.84
2018-09-30,T,Celkem,50-59,50 - 59 let,307001,16083591,52.39
2018-09-30,T,Celkem,60+,60 a více let,93162,5859228,62.89
2018-12-31,F,Žena,0-20,do 20 let,12048,236064,19.59
2018-12-31,F,Žena,20-29,20 - 29 let,181878,5720956,31.45
2018-12-31,F,Žena,30-39,30 - 39 let,193603,7500248,38.74
2018-12-31,F,Žena,40-49,40 - 49 let,263841,10686462,40.5
2018-12-31,F,Žena,50-59,50 - 59 let,235743,11895970,50.46
2018-12-31,F,Žena,60+,60 a více let,48035,2399078,49.94
2018-12-31,M,Muž,0-20,do 20 let,14567,217109,14.9
2018-12-31,M,Muž,20-29,20 - 29 let,205843,4218303,20.49
2018-12-31,M,Muž,30-39,30 - 39 let,194559,5517333,28.36
2018-12-31,M,Muž,40-49,40 - 49 let,187759,7480112,39.84
2018-12-31,M,Muž,50-59,50 - 59 let,161610,8836495,54.68
2018-12-31,M,Muž,60+,60 a více let,72979,5256850,72.03
2018-12-31,T,Celkem,0-20,do 20 let,26615,453173,17.03
2018-12-31,T,Celkem,20-29,20 - 29 let,387721,9939259,25.64
2018-12-31,T,Celkem,30-39,30 - 39 let,388162,13017581,33.54
2018-12-31,T,Celkem,40-49,40 - 49 let,451600,18166574,40.23
2018-12-31,T,Celkem,50-59,50 - 59 let,397353,20732465,52.18
2018-12-31,T,Celkem,60+,60 a více let,121014,7655928,63.26
2019-03-31,F,Žena,0-20,do 20 let,3252,65049,20.0
2019-03-31,F,Žena,20-29,20 - 29 let,53482,1593357,29.79
2019-03-31,F,Žena,30-39,30 - 39 let,56302,2106337,37.41
2019-03-31,F,Žena,40-49,40 - 49 let,85157,3302959,38.79
2019-03-31,F,Žena,50-59,50 - 59 let,78221,3633958,46.46
2019-03-31,F,Žena,60+,60 a více let,16228,750405,46.24
2019-03-31,M,Muž,0-20,do 20 let,3902,65117,16.69
2019-03-31,M,Muž,20-29,20 - 29 let,57233,1241858,21.7
2019-03-31,M,Muž,30-39,30 - 39 let,58166,1679352,28.87
2019-03-31,M,Muž,40-49,40 - 49 let,60333,2398792,39.76
2019-03-31,M,Muž,50-59,50 - 59 let,53406,2767101,51.81
2019-03-31,M,Muž,60+,60 a více let,22927,1523943,66.47
2019-03-31,T,Celkem,0-20,do 20 let,7154,130166,18.19
2019-03-31,T,Celkem,20-29,20 - 29 let,110715,2835215,25.61
2019-03-31,T,Celkem,30-39,30 - 39 let,114468,3785689,33.07
2019-03-31,T,Celkem,40-49,40 - 49 let,145490,5701751,39.19
2019-03-31,T,Celkem,50-59,50 - 59 let,131627,6401059,48.63
2019-03-31,T,Celkem,60+,60 a více let,39155,2274348,58.09
2019-06-30,F,Žena,0-20,do 20 let,5666,120627,21.29
2019-06-30,F,Žena,20-29,20 - 29 let,95148,3081995,32.39
2019-06-30,F,Žena,30-39,30 - 39 let,101942,4073377,39.96
2019-06-30,F,Žena,40-49,40 - 49 let,148126,6316225,42.64
2019-06-30,F,Žena,50-59,50 - 59 let,135424,7004011,51.72
2019-06-30,F,Žena,60+,60 a více let,29288,1543745,52.71
2019-06-30,M,Muž,0-20,do 20 let,6964,115818,16.63
2019-06-30,M,Muž,20-29,20 - 29 let,102993,2282784,22.16
2019-06-30,M,Muž,30-39,30 - 39 let,102278,3079665,30.11
2019-06-30,M,Muž,40-49,40 - 49 let,104107,4444080,42.69
2019-06-30,M,Muž,50-59,50 - 59 let,91254,5192900,56.91
2019-06-30,M,Muž,60+,60 a více let,40698,2985754,73.36
2019-06-30,T,Celkem,0-20,do 20 let,12630,236445,18.72
2019-06-30,T,Celkem,20-29,20 - 29 let,198141,5364779,27.08
2019-06-30,T,Celkem,30-39,30 - 39 let,204220,7153042,35.03
2019-06-30,T,Celkem,40-49,40 - 49 let,252233,10760305,42.66
2019-06-30,T,Celkem,50-59,50 - 59 let,226678,12196911,53.81
2019-06-30,T,Celkem,60+,60 a více let,69986,4529499,64.72
2019-09-30,F,Žena,0-20,do 20 let,8101,172991,21.35
2019-09-30,F,Žena,20-29,20 - 29 let,136280,4461975,32.74
2019-09-30,F,Žena,30-39,30 - 39 let,142746,5838792,40.9
2019-09-30,F,Žena,40-49,40 - 49 let,200179,8912457,44.52
2019-09-30,F,Žena,50-59,50 - 59 let,181374,9892902,54.54
2019-09-30,F,Žena,60+,60 a více let,39581,2246363,56.75
2019-09-30,M,Muž,0-20,do 20 let,9922,160761,16.2
2019-09-30,M,Muž,20-29,20 - 29 let,151685,3287349,21.67
2019-09-30,M,Muž,30-39,30 - 39 let,146016,4372834,29.95
2019-09-30,M,Muž,40-49,40 - 49 let,145186,6266237,43.16
2019-09-30,M,Muž,50-59,50 - 59 let,125583,7325080,58.33
2019-09-30,M,Muž,60+,60 a více let,56424,4289572,76.02
2019-09-30,T,Celkem,0-20,do 20 let,18023,333752,18.52
2019-09-30,T,Celkem,20-29,20 - 29 let,287965,7749324,26.91
2019-09-30,T,Celkem,30-39,30 - 39 let,288762,10211626,35.36
2019-09-30,T,Celkem,40-49,40 - 49 let,345365,15178694,43.95
2019-09-30,T,Celkem,50-59,50 - 59 let,306957,17217982,56.09
2019-09-30,T,Celkem,60+,60 a více let,96005,6535935,68.08
2019-12-31,F,Žena,0-20,do 20 let,11332,231970,20.47
2019-12-31,F,Žena,20-29,20 - 29 let,188851,5891227,31.2
2019-12-31,F,Žena,30-39,30 - 39 let,197182,7658222,38.84
2019-12-31,F,Žena,40-49,40 - 49 let,274033,11660540,42.55
2019-12-31,F,Žena,50-59,50 - 59 let,244742,12941157,52.88
2019-12-31,F,Žena,60+,60 a více let,53912,2990307,55.47
2019-12-31,M,Muž,0-20,do 20 let,13780,216497,15.71
2019-12-31,M,Muž,20-29,20 - 29 let,210065,4396406,20.93
2019-12-31,M,Muž,30-39,30 - 39 let,200366,5745015,28.67
2019-12-31,M,Muž,40-49,40 - 49 let,195799,8159064,41.67
2019-12-31,M,Muž,50-59,50 - 59 let,167022,9507698,56.92
2019-12-31,M,Muž,60+,60 a více let,75327,5660618,75.15
2019-12-31,T,Celkem,0-20,do 20 let,25112,448467,17.86
2019-12-31,T,Celkem,20-29,20 - 29 let,398917,10287633,25.79
2019-12-31,T,Celkem,30-39,30 - 39 let,397548,13403238,33.71
2019-12-31,T,Celkem,40-49,40 - 49 let,469832,19819604,42.18
2019-12-31,T,Celkem,50-59,50 - 59 let,411764,22448856,54.52
2019-12-31,T,Celkem,60+,60 a více let,129239,8650925,66.94
2020-03-31,F,Žena,0-20,do 20 let,3351,62839,18.75
2020-03-31,F,Žena,20-29,20 - 29 let,62160,1572569,25.3
2020-03-31,F,Žena,30-39,30 - 39 let,64821,2042822,31.51
2020-03-31,F,Žena,40-49,40 - 49 let,96509,3310228,34.3
2020-03-31,F,Žena,50-59,50 - 59 let,83053,3550822,42.75
2020-03-31,F,Žena,60+,60 a více let,18686,771570,41.29
2020-03-31,M,Muž,0-20,do 20 let,4054,63897,15.76
2020-03-31,M,Muž,20-29,20 - 29 let,66914,1270247,18.98
2020-03-31,M,Muž,30-39,30 - 39 let,68548,1681658,24.53
2020-03-31,M,Muž,40-49,40 - 49 let,67820,2384215,35.16
2020-03-31,M,Muž,50-59,50 - 59 let,55673,2667040,47.91
2020-03-31,M,Muž,60+,60 a více let,23179,1425007,61.48
2020-03-31,T,Celkem,0-20,do 20 let,7405,126736,17.11
2020-03-31,T,Celkem,20-29,20 - 29 let,129074,2842816,22.02
2020-03-31,T,Celkem,30-39,30 - 39 let,133369,3724480,27.93
2020-03-31,T,Celkem,40-49,40 - 49 let,164329,5694443,34.65
2020-03-31,T,Celkem,50-59,50 - 59 let,138726,6217862,44.82
2020-03-31,T,Celkem,60+,60 a více let,41865,2196577,52.47
2020-06-30,F,Žena,0-20,do 20 let,5232,121992,23.32
2020-06-30,F,Žena,20-29,20 - 29 let,99997,3253652,32.54
2020-06-30,F,Žena,30-39,30 - 39 let,99906,4036488,40.4
2020-06-30,F,Žena,40-49,40 - 49 let,157849,6732650,42.65
2020-06-30,F,Žena,50-59,50 - 59 let,144097,7457598,51.75
2020-06-30,F,Žena,60+,60 a více let,34550,1799650,52.09
2020-06-30,M,Muž,0-20,do 20 let,6398,115129,17.99
2020-06-30,M,Muž,20-29,20 - 29 let,111622,2544625,22.8
2020-06-30,M,Muž,30-39,30 - 39 let,112629,3357738,29.81
2020-06-30,M,Muž,40-49,40 - 49 let,116099,4833696,41.63
2020-06-30,M,Muž,50-59,50 - 59 let,99978,5533458,55.35
2020-06-30,M,Muž,60+,60 a více let,44419,3147486,70.86
2020-06-30,T,Celkem,0-20,do 20 let,11630,237121,20.39
2020-06-30,T,Celkem,20-29,20 - 29 let,211619,5798277,27.4
2020-06-30,T,Celkem,30-39,30 - 39 let,212535,7394226,34.79
2020-06-30,T,Celkem,40-49,40 - 49 let,273948,11566346,42.22
2020-06-30,T,Celkem,50-59,50 - 59 let,244075,12991056,53.23
2020-06-30,T,Celkem,60+,60 a více let,78969,4947136,62.65
2020-09-30,F,Žena,0-20,do 20 let,7249,171946,23.72
2020-09-30,F,Žena,20-29,20 - 29 let,143166,4772849,33.34
2020-09-30,F,Žena,30-39,30 - 39 let,141724,5863591,41.37
2020-09-30,F,Žena,40-49,40 - 49 let,220098,9701564,44.08
2020-09-30,F,Žena,50-59,50 - 59 let,197368,10867340,55.06
2020-09-30,F,Žena,60+,60 a více let,47073,2632396,55.92
2020-09-30,M,Muž,0-20,do 20 let,9110,161668,17.75
2020-09-30,M,Muž,20-29,20 - 29 let,162732,3672944,22.57
2020-09-30,M,Muž,30-39,30 - 39 let,160060,4812327,30.07
2020-09-30,M,Muž,40-49,40 - 49 let,163164,6939186,42.53
2020-09-30,M,Muž,50-59,50 - 59 let,139344,8049614,57.77
2020-09-30,M,Muž,60+,60 a více let,61230,4545844,74.24
2020-09-30,T,Celkem,0-20,do 20 let,16359,333614,20.39
2020-09-30,T,Celkem,20-29,20 - 29 let,305898,8445793,27.61
2020-09-30,T,Celkem,30-39,30 - 39 let,301784,10675918,35.38
2020-09-30,T,Celkem,40-49,40 - 49 let,383262,16640750,43.42
2020-09-30,T,Celkem,50-59,50 - 59 let,336712,18916954,56.18
2020-09-30,T,Celkem,60+,60 a více let,108303,7178240,66.28
2020-12-31,F,Žena,0-20,do 20 let,10984,234535,21.35
2020-12-31,F,Žena,20-29,20 - 29 let,214906,6484165,30.17
2020-12-31,F,Žena,30-39,30 - 39 let,219321,8027605,36.6
2020-12-31,F,Žena,40-49,40 - 49 let,362541,13585734,37.47
2020-12-31,F,Žena,50-59,50 - 59 let,316024,15077398,47.71
2020-12-31,F,Žena,60+,60 a více let,74457,3842708,51.61
2020-12-31,M,Muž,0-20,do 20 let,14025,230795,16.46
2020-12-31,M,Muž,20-29,20 - 29 let,248216,5169856,20.83
2020-12-31,M,Muž,30-39,30 - 39 let,248049,6669262,26.89
2020-12-31,M,Muž,40-49,40 - 49 let,264691,9652905,36.47
2020-12-31,M,Muž,50-59,50 - 59 let,225027,11111225,49.38
2020-12-31,M,Muž,60+,60 a více let,95492,6370904,66.72
2020-12-31,T,Celkem,0-20,do 20 let,25009,465330,18.61
2020-12-31,T,Celkem,20-29,20 - 29 let,463122,11654021,25.16
2020-12-31,T,Celkem,30-39,30 - 39 let,467370,14696867,31.45
2020-12-31,T,Celkem,40-49,40 - 49 let,627232,23238639,37.05
2020-12-31,T,Celkem,50-59,50 - 59 let,541051,26188623,48.4
2020-12-31,T,Celkem,60+,60 a více let,169949,10213612,60.1
2021-03-31,F,Žena,0-20,do 20 let,3383,63895,18.89
2021-03-31,F,Žena,20-29,20 - 29 let,67080,1790279,26.69
2021-03-31,F,Žena,30-39,30 - 39 let,79156,2453144,30.99
2021-03-31,F,Žena,40-49,40 - 49 let,140888,4374179,31.05
2021-03-31,F,Žena,50-59,50 - 59 let,120250,4721723,39.27
2021-03-31,F,Žena,60+,60 a více let,26324,1183719,44.97
2021-03-31,M,Muž,0-20,do 20 let,4752,77369,16.28
2021-03-31,M,Muž,20-29,20 - 29 let,86410,1636627,18.94
2021-03-31,M,Muž,30-39,30 - 39 let,97309,2247263,23.09
2021-03-31,M,Muž,40-49,40 - 49 let,112448,3329297,29.61
2021-03-31,M,Muž,50-59,50 - 59 let,95345,3709059,38.9
2021-03-31,M,Muž,60+,60 a více let,36755,1901367,51.73
2021-03-31,T,Celkem,0-20,do 20 let,8135,141264,17.36
2021-03-31,T,Celkem,20-29,20 - 29 let,153490,3426906,22.33
2021-03-31,T,Celkem,30-39,30 - 39 let,176465,4700407,26.64
2021-03-31,T,Celkem,40-49,40 - 49 let,253336,7703476,30.41
2021-03-31,T,Celkem,50-59,50 - 59 let,215595,8430782,39.1
2021-03-31,T,Celkem,60+,60 a více let,63079,3085086,48.91
2021-06-30,F,Žena,0-20,do 20 let,5757,112714,19.58
2021-06-30,F,Žena,20-29,20 - 29 let,112402,3297056,29.33
2021-06-30,F,Žena,30-39,30 - 39 let,129713,4553764,35.11
2021-06-30,F,Žena,40-49,40 - 49 let,225690,8119132,35.97
2021-06-30,F,Žena,50-59,50 - 59 let,197468,9073457,45.95
2021-06-30,F,Žena,60+,60 a více let,43646,2324717,53.26
2021-06-30,M,Muž,0-20,do 20 let,8094,132163,16.33
2021-06-30,M,Muž,20-29,20 - 29 let,144781,2887068,19.94
2021-06-30,M,Muž,30-39,30 - 39 let,157557,4020102,25.52
2021-06-30,M,Muž,40-49,40 - 49 let,180215,6084962,33.77
2021-06-30,M,Muž,50-59,50 - 59 let,155983,7021719,45.02
2021-06-30,M,Muž,60+,60 a více let,61830,3782337,61.17
2021-06-30,T,Celkem,0-20,do 20 let,13851,244877,17.68
2021-06-30,T,Celkem,20-29,20 - 29 let,257183,6184124,24.05
2021-06-30,T,Celkem,30-39,30 - 39 let,287270,8573866,29.85
2021-06-30,T,Celkem,40-49,40 - 49 let,405905,14204094,34.99
2021-06-30,T,Celkem,50-59,50 - 59 let,353451,16095176,45.54
2021-06-30,T,Celkem,60+,60 a více let,105476,6107054,57.9
2021-09-30,F,Žena,0-20,do 20 let,8055,158702,19.7
2021-09-30,F,Žena,20-29,20 - 29 let,156173,4629233,29.64
2021-09-30,F,Žena,30-39,30 - 39 let,171869,6296345,36.63
2021-09-30,F,Žena,40-49,40 - 49 let,283613,10865469,38.31
2021-09-30,F,Žena,50-59,50 - 59 let,249097,12279538,49.3
2021-09-30,F,Žena,60+,60 a více let,55665,3210688,57.68
2021-09-30,M,Muž,0-20,do 20 let,11141,176795,15.87
2021-09-30,M,Muž,20-29,20 - 29 let,197815,3910217,19.77
2021-09-30,M,Muž,30-39,30 - 39 let,206826,5384199,26.03
2021-09-30,M,Muž,40-49,40 - 49 let,225774,8075057,35.77
2021-09-30,M,Muž,50-59,50 - 59 let,194457,9474411,48.72
2021-09-30,M,Muž,60+,60 a více let,78048,5178053,66.34
2021-09-30,T,Celkem,0-20,do 20 let,19196,335497,17.48
2021-09-30,T,Celkem,20-29,20 - 29 let,353988,8539450,24.12
2021-09-30,T,Celkem,30-39,30 - 39 let,378695,11680544,30.84
2021-09-30,T,Celkem,40-49,40 - 49 let,509387,18940526,37.18
2021-09-30,T,Celkem,50-59,50 - 59 let,443554,21753949,49.04
2021-09-30,T,Celkem,60+,60 a více let,133713,8388741,62.74
2021-12-31,F,Žena,0-20,do 20 let,12405,225423,18.17
2021-12-31,F,Žena,20-29,20 - 29 let,236810,6329759,26.73
2021-12-31,F,Žena,30-39,30 - 39 let,267706,8632402,32.25
2021-12-31,F,Žena,40-49,40 - 49 let,434457,14757020,33.97
2021-12-31,F,Žena,50-59,50 - 59 let,363973,16285954,44.74
2021-12-31,F,Žena,60+,60 a více let,82455,4328731,52.5
2021-12-31,M,Muž,0-20,do 20 let,16916,256254,15.15
2021-12-31,M,Muž,20-29,20 - 29 let,289369,5457636,18.86
2021-12-31,M,Muž,30-39,30 - 39 let,308601,7440511,24.11
2021-12-31,M,Muž,40-49,40 - 49 let,329237,10840051,32.92
2021-12-31,M,Muž,50-59,50 - 59 let,269177,12340350,45.84
2021-12-31,M,Muž,60+,60 a více let,106862,6805076,63.68
2021-12-31,T,Celkem,0-20,do 20 let,29321,481677,16.43
2021-12-31,T,Celkem,20-29,20 - 29 let,526179,11787395,22.4
2021-12-31,T,Celkem,30-39,30 - 39 let,576307,16072913,27.89
2021-12-31,T,Celkem,40-49,40 - 49 let,763694,25597071,33.52
2021-12-31,T,Celkem,50-59,50 - 59 let,633150,28626304,45.21
2021-12-31,T,Celkem,60+,60 a více let,189317,11133807,58.81
2022-03-31,F,Žena,0-20,do 20 let,5590,76640,13.71
2022-03-31,F,Žena,20-29,20 - 29 let,118687,1971378,16.61
2022-03-31,F,Žena,30-39,30 - 39 let,151801,2783951,18.34
2022-03-31,F,Žena,40-49,40 - 49 let,258456,4885217,18.9
2022-03-31,F,Žena,50-59,50 - 59 let,186983,4962640,26.54
2022-03-31,F,Žena,60+,60 a více let,40230,1228394,30.53
2022-03-31,M,Muž,0-20,do 20 let,7596,88577,11.66
2022-03-31,M,Muž,20-29,20 - 29 let,134223,1770271,13.19
2022-03-31,M,Muž,30-39,30 - 39 let,164851,2551680,15.48
2022-03-31,M,Muž,40-49,40 - 49 let,183229,3533383,19.28
2022-03-31,M,Muž,50-59,50 - 59 let,131682,3755105,28.52
2022-03-31,M,Muž,60+,60 a více let,45240,1817385,40.17
2022-03-31,T,Celkem,0-20,do 20 let,13186,165217,12.53
2022-03-31,T,Celkem,20-29,20 - 29 let,252910,3741649,14.79
2022-03-31,T,Celkem,30-39,30 - 39 let,316652,5335631,16.85
2022-03-31,T,Celkem,40-49,40 - 49 let,441685,8418600,19.06
2022-03-31,T,Celkem,50-59,50 - 59 let,318665,8717745,27.36
2022-03-31,T,Celkem,60+,60 a více let,85470,3045779,35.64
2022-06-30,F,Žena,0-20,do 20 let,8472,125364,14.8
2022-06-30,F,Žena,20-29,20 - 29 let,179475,3459969,19.28
2022-06-30,F,Žena,30-39,30 - 39 let,221638,4861496,21.93
2022-06-30,F,Žena,40-49,40 - 49 let,360616,8282947,22.97
2022-06-30,F,Žena,50-59,50 - 59 let,285798,8981808,31.43
2022-06-30,F,Žena,60+,60 a více let,66775,2475321,37.07
2022-06-30,M,Muž,0-20,do 20 let,11362,141552,12.46
2022-06-30,M,Muž,20-29,20 - 29 let,199207,2887300,14.49
2022-06-30,M,Muž,30-39,30 - 39 let,234729,4172868,17.78
2022-06-30,M,Muž,40-49,40 - 49 let,251251,5943519,23.66
2022-06-30,M,Muž,50-59,50 - 59 let,191730,6754162,35.23
2022-06-30,M,Muž,60+,60 a více let,71295,3464437,48.59
2022-06-30,T,Celkem,0-20,do 20 let,19834,266916,13.46
2022-06-30,T,Celkem,20-29,20 - 29 let,378682,6347269,16.76
2022-06-30,T,Celkem,30-39,30 - 39 let,456367,9034364,19.8
2022-06-30,T,Celkem,40-49,40 - 49 let,611867,14226466,23.25
2022-06-30,T,Celkem,50-59,50 - 59 let,477528,15735970,32.95
2022-06-30,T,Celkem,60+,60 a více let,138070,5939758,43.02
2022-09-30,F,Žena,0-20,do 20 let,11251,169822,15.09
2022-09-30,F,Žena,20-29,20 - 29 let,235215,4753084,20.21
2022-09-30,F,Žena,30-39,30 - 39 let,282058,6611205,23.44
2022-09-30,F,Žena,40-49,40 - 49 let,445870,11050387,24.78
2022-09-30,F,Žena,50-59,50 - 59 let,366734,12326810,33.61
2022-09-30,F,Žena,60+,60 a více let,87951,3533624,40.18
2022-09-30,M,Muž,0-20,do 20 let,14826,189119,12.76
2022-09-30,M,Muž,20-29,20 - 29 let,262431,3938000,15.01
2022-09-30,M,Muž,30-39,30 - 39 let,302307,5617854,18.58
2022-09-30,M,Muž,40-49,40 - 49 let,314497,7984256,25.39
2022-09-30,M,Muž,50-59,50 - 59 let,245493,9235381,37.62
2022-09-30,M,Muž,60+,60 a více let,93930,4847960,51.61
2022-09-30,T,Celkem,0-20,do 20 let,26077,358941,13.76
2022-09-30,T,Celkem,20-29,20 - 29 let,497646,8691084,17.46
2022-09-30,T,Celkem,30-39,30 - 39 let,584365,12229059,20.93
2022-09-30,T,Celkem,40-49,40 - 49 let,760367,19034643,25.03
2022-09-30,T,Celkem,50-59,50 - 59 let,612227,21562191,35.22
2022-09-30,T,Celkem,60+,60 a více let,181881,8381584,46.08
2022-12-31,F,Žena,0-20,do 20 let,15440,226022,14.64
2022-12-31,F,Žena,20-29,20 - 29 let,310198,6159800,19.86
2022-12-31,F,Žena,30-39,30 - 39 let,365438,8480316,23.21
2022-12-31,F,Žena,40-49,40 - 49 let,565940,14081580,24.88
2022-12-31,F,Žena,50-59,50 - 59 let,482284,16089069,33.36
2022-12-31,F,Žena,60+,60 a více let,120013,4872894,40.6
2022-12-31,M,Muž,0-20,do 20 let,19911,251918,12.65
2022-12-31,M,Muž,20-29,20 - 29 let,340361,5094126,14.97
2022-12-31,M,Muž,30-39,30 - 39 let,387664,7230214,18.65
2022-12-31,M,Muž,40-49,40 - 49 let,394044,10201308,25.89
2022-12-31,M,Muž,50-59,50 - 59 let,313084,11852839,37.86
2022-12-31,M,Muž,60+,60 a více let,123536,6486957,52.51
2022-12-31,T,Celkem,0-20,do 20 let,35351,477940,13.52
2022-12-31,T,Celkem,20-29,20 - 29 let,650559,11253926,17.3
2022-12-31,T,Celkem,30-39,30 - 39 let,753102,15710530,20.86
2022-12-31,T,Celkem,40-49,40 - 49 let,959984,24282888,25.3
2022-12-31,T,Celkem,50-59,50 - 59 let,795368,27941908,35.13
2022-12-31,T,Celkem,60+,60 a více let,243549,11359851,46.64
2023-03-31,F,Žena,0-20,do 20 let,3995,61939,15.5
2023-03-31,F,Žena,20-29,20 - 29 let,73951,1471790,19.9
2023-03-31,F,Žena,30-39,30 - 39 let,89503,2160305,24.14
2023-03-31,F,Žena,40-49,40 - 49 let,129997,3549486,27.3
2023-03-31,F,Žena,50-59,50 - 59 let,124179,4361381,35.12
2023-03-31,F,Žena,60+,60 a více let,31615,1200260,37.96
2023-03-31,M,Muž,0-20,do 20 let,4841,64378,13.3
2023-03-31,M,Muž,20-29,20 - 29 let,75560,1243083,16.45
2023-03-31,M,Muž,30-39,30 - 39 let,87963,1861270,21.16
2023-03-31,M,Muž,40-49,40 - 49 let,86941,2700792,31.06
2023-03-31,M,Muž,50-59,50 - 59 let,76873,3276070,42.62
2023-03-31,M,Muž,60+,60 a více let,30599,1571000,51.34
2023-03-31,T,Celkem,0-20,do 20 let,8836,126317,14.3
2023-03-31,T,Celkem,20-29,20 - 29 let,149511,2714873,18.16
2023-03-31,T,Celkem,30-39,30 - 39 let,177466,4021575,22.66
2023-03-31,T,Celkem,40-49,40 - 49 let,216938,6250278,28.81
2023-03-31,T,Celkem,50-59,50 - 59 let,201052,7637451,37.99
2023-03-31,T,Celkem,60+,60 a více let,62214,2771260,44.54
2023-06-30,F,Žena,0-20,do 20 let,6712,109669,16.34
2023-06-30,F,Žena,20-29,20 - 29 let,125360,2728458,21.76
2023-06-30,F,Žena,30-39,30 - 39 let,152281,3969966,26.07
2023-06-30,F,Žena,40-49,40 - 49 let,214496,6492179,30.27
2023-06-30,F,Žena,50-59,50 - 59 let,205665,8074189,39.26
2023-06-30,F,Žena,60+,60 a více let,53990,2332070,43.19
2023-06-30,M,Muž,0-20,do 20 let,8156,110048,13.49
2023-06-30,M,Muž,20-29,20 - 29 let,127965,2186240,17.08
2023-06-30,M,Muž,30-39,30 - 39 let,146681,3289459,22.43
2023-06-30,M,Muž,40-49,40 - 49 let,143670,4855450,33.8
2023-06-30,M,Muž,50-59,50 - 59 let,126903,6036165,47.57
2023-06-30,M,Muž,60+,60 a více let,52437,3065349,58.46
2023-06-30,T,Celkem,0-20,do 20 let,14868,219717,14.78
2023-06-30,T,Celkem,20-29,20 - 29 let,253325,4914698,19.4
2023-06-30,T,Celkem,30-39,30 - 39 let,298962,7259425,24.28
2023-06-30,T,Celkem,40-49,40 - 49 let,358166,11347629,31.68
2023-06-30,T,Celkem,50-59,50 - 59 let,332568,14110354,42.43
2023-06-30,T,Celkem,60+,60 a více let,106427,5397419,50.71
2023-09-30,F,Žena,0-20,do 20 let,8975,147066,16.39
2023-09-30,F,Žena,20-29,20 - 29 let,165474,3745540,22.64
2023-09-30,F,Žena,30-39,30 - 39 let,195750,5413673,27.66
2023-09-30,F,Žena,40-49,40 - 49 let,269348,8739424,32.45
2023-09-30,F,Žena,50-59,50 - 59 let,260252,11006077,42.29
2023-09-30,F,Žena,60+,60 a více let,69239,3279764,47.37
2023-09-30,M,Muž,0-20,do 20 let,10805,149354,13.82
2023-09-30,M,Muž,20-29,20 - 29 let,172011,2984184,17.35
2023-09-30,M,Muž,30-39,30 - 39 let,193973,4470951,23.05
2023-09-30,M,Muž,40-49,40 - 49 let,187002,6564695,35.1
2023-09-30,M,Muž,50-59,50 - 59 let,165524,8240656,49.79
2023-09-30,M,Muž,60+,60 a více let,69318,4337265,62.57
2023-09-30,T,Celkem,0-20,do 20 let,19780,296420,14.99
2023-09-30,T,Celkem,20-29,20 - 29 let,337485,6729724,19.94
2023-09-30,T,Celkem,30-39,30 - 39 let,389723,9884624,25.36
2023-09-30,T,Celkem,40-49,40 - 49 let,456350,15304119,33.54
2023-09-30,T,Celkem,50-59,50 - 59 let,425776,19246733,45.2
2023-09-30,T,Celkem,60+,60 a více let,138557,7617029,54.97
2023-12-31,F,Žena,0-20,do 20 let,13122,201659,15.37
2023-12-31,F,Žena,20-29,20 - 29 let,236783,5012150,21.17
2023-12-31,F,Žena,30-39,30 - 39 let,279733,7204012,25.75
2023-12-31,F,Žena,40-49,40 - 49 let,388527,11570147,29.78
2023-12-31,F,Žena,50-59,50 - 59 let,378249,14582812,38.55
2023-12-31,F,Žena,60+,60 a více let,103120,4460248,43.25
2023-12-31,M,Muž,0-20,do 20 let,15654,207250,13.24
2023-12-31,M,Muž,20-29,20 - 29 let,244622,4029239,16.47
2023-12-31,M,Muž,30-39,30 - 39 let,275689,5982427,21.7
2023-12-31,M,Muž,40-49,40 - 49 let,263351,8599712,32.65
2023-12-31,M,Muž,50-59,50 - 59 let,231817,10787608,46.54
2023-12-31,M,Muž,60+,60 a více let,97914,5739641,58.62
2023-12-31,T,Celkem,0-20,do 20 let,28776,408909,14.21
2023-12-31,T,Celkem,20-29,20 - 29 let,481405,9041389,18.78
2023-12-31,T,Celkem,30-39,30 - 39 let,555422,13186439,23.74
2023-12-31,T,Celkem,40-49,40 - 49 let,651878,20169859,30.94
2023-12-31,T,Celkem,50-59,50 - 59 let,610066,25370420,41.59
2023-12-31,T,Celkem,60+,60 a více let,201034,10199889,50.74
2024-03-31,F,Žena,0-20,do 20 let,3521,55260,15.69
2024-03-31,F,Žena,20-29,20 - 29 let,61906,1243926,20.09
2024-03-31,F,Žena,30-39,30 - 39 let,77549,1943757,25.06
2024-03-31,F,Žena,40-49,40 - 49 let,112806,3141497,27.85
2024-03-31,F,Žena,50-59,50 - 59 let,115639,4080159,35.28
2024-03-31,F,Žena,60+,60 a více let,32449,1262055,38.89
2024-03-31,M,Muž,0-20,do 20 let,4400,57833,13.14
2024-03-31,M,Muž,20-29,20 - 29 let,62619,1050194,16.77
2024-03-31,M,Muž,30-39,30 - 39 let,76703,1656550,21.6
2024-03-31,M,Muž,40-49,40 - 49 let,78504,2432914,30.99
2024-03-31,M,Muž,50-59,50 - 59 let,72860,3105759,42.63
2024-03-31,M,Muž,60+,60 a více let,30161,1558113,51.66
2024-03-31,T,Celkem,0-20,do 20 let,7921,113093,14.28
2024-03-31,T,Celkem,20-29,20 - 29 let,124525,2294120,18.42
2024-03-31,T,Celkem,30-39,30 - 39 let,154252,3600307,23.34
2024-03-31,T,Celkem,40-49,40 - 49 let,191310,5574411,29.14
2024-03-31,T,Celkem,50-59,50 - 59 let,188499,7185918,38.12
2024-03-31,T,Celkem,60+,60 a více let,62610,2820168,45.04
